{
  "total_distributed_usd": 266375931.76,
  "shares": {
    "top10": 0.10412899602727982,
    "top20": 0.17000985427167786,
    "top50": 0.2963987349320122,
    "top100": 0.442022808449847
  }
}
