year,epochs,fees_ada,inflow_fees_plus_reserves_ada,treasury_delta_ada,mir_treasury_payments_ada,conway_enacted_withdrawals_ada,treasury_donations_ada,pot_transfer_treasury_ada,implied_outflow_other_ada
2020,31,214440.660612,235401939.724129,231777496.519598,0.0,0.0,0.0,0.0,3624443.204531
2021,73,4759479.787375,533274946.766601,516499115.712737,7955085.934065,0.0,0.0,0.0,16775831.053864
2022,73,11559069.335894,456793804.134137,357285273.649847,81108350.923444,0.0,0.0,0.0,99508530.48428999
2023,73,8368379.903908,399139808.580399,332266132.973492,58931404.863383,0.0,0.0,0.0,66873675.606907
2024,73,7348870.753082,351798682.201542,191038991.11121598,154280000.0,0.0,20.0,0.0,160759711.090326
2025,73,4642901.0717670005,310912190.596336,31408687.164778978,0.0,277031507.0,735706.8580909999,0.0,280239210.289648
2026,9,344167.03975500003,35772007.005095,-33877890.765367,0.0,70000000.0,920431.415926,0.0,70570329.186388
