year,epochs,fees_ada,inflow_fees_plus_reserves_ada,treasury_delta_ada,mir_treasury_payments_ada,conway_enacted_withdrawals_ada,treasury_donations_ada,pot_transfer_treasury_ada,implied_outflow_other_ada
2022,67,264172.087773,582512101.062835,571930689.607425,0.0,0.0,0.0,0.0,10581411.45541
2023,365,796013.613614,2878477537.834626,2441472657.647061,0.0,0.0,0.0,0.0,437004880.187565
2024,366,545392.001648,2402772164.375054,1845190797.348506,0.0,0.0,122.01001,0.0,557581489.036558
2025,365,485325.20884700003,2025518624.348768,1390581008.87757,0.0,0.0,479.4,0.0,634938094.8711979
2026,44,44834.714052,223246462.304912,147096293.812016,0.0,0.0,0.0,0.0,76150168.492896
